{
  "columns": [
    0.0161,
    0.031190625,
    0.04628125,
    0.061371875,
    0.0764625,
    0.091553125,
    0.10664375,
    0.121734375,
    0.136825,
    0.151915625,
    0.16700625,
    0.182096875,
    0.1971875,
    0.212278125,
    0.22736875,
    0.242459375,
    0.25755,
    0.272640625,
    0.28773125,
    0.302821875,
    0.3179125,
    0.333003125,
    0.34809375,
    0.363184375,
    0.378275,
    0.393365625,
    0.40845625,
    0.423546875,
    0.4386375,
    0.453728125,
    0.46881875,
    0.483909375,
    0.499,
    0.514090625,
    0.52918125,
    0.544271875,
    0.5593625,
    0.574453125,
    0.58954375,
    0.604634375,
    0.619725,
    0.634815625,
    0.64990625,
    0.664996875,
    0.6800875,
    0.695178125,
    0.71026875,
    0.725359375,
    0.74045,
    0.755540625,
    0.77063125,
    0.785721875,
    0.8008125,
    0.815903125,
    0.83099375,
    0.846084375,
    0.861175,
    0.876265625,
    0.89135625,
    0.906446875,
    0.9215375,
    0.936628125,
    0.95171875,
    0.966809375,
    0.9819
  ],
  "rows": [
    0.4048,
    0.422418181818,
    0.440036363636,
    0.457654545454,
    0.475272727272,
    0.49289090909,
    0.510509090908,
    0.528127272726,
    0.545745454544,
    0.563363636362,
    0.58098181818,
    0.5986
  ]
}
